timestamp,Lamp 1_%,Lamp 2_%,Lamp 3_%,Lamp 4_%,Lamp 5_%,Lamp 6_%
2024-01-01 00:00:00,0.0,0.0,0.0,0.0,0.0,0.0
2024-01-01 00:05:00,0.0,0.0,0.0,0.0,0.0,0.0
2024-01-01 00:10:00,0.0,0.0,0.0,0.0,0.0,0.0
2024-01-01 00:15:00,0.0,0.0,0.0,0.0,0.0,0.0
2024-01-01 00:20:00,0.0,0.0,0.0,0.0,0.0,0.0
2024-01-01 00:25:00,0.0,0.0,0.0,0.0,0.0,0.0
2024-01-01 00:30:00,0.0,0.0,0.0,0.0,0.0,0.0
2024-01-01 00:35:00,0.0,0.0,0.0,0.0,0.0,0.0
2024-01-01 00:40:00,0.0,0.0,0.0,0.0,0.0,0.0
2024-01-01 00:45:00,0.0,0.0,0.0,0.0,0.0,0.0
2024-01-01 00:50:00,0.0,0.0,0.0,0.0,0.0,0.0
2024-01-01 00:55:00,0.0,0.0,0.0,0.0,0.0,0.0
2024-01-01 01:00:00,332.3738241907953,209.50999585889923,1168.8720840389935,951.3766591768886,86.06908380722749,3.1713956255702898
2024-01-01 01:05:00,332.3738241907953,209.50999585889923,1168.8720840389935,951.3766591768886,86.06908380722749,3.1713956255702898
2024-01-01 01:10:00,332.3738241907953,209.50999585889923,1168.8720840389935,951.3766591768886,86.06908380722749,3.1713956255702898
2024-01-01 01:15:00,332.3738241907953,209.50999585889923,1168.8720840389935,951.3766591768886,86.06908380722749,3.1713956255702898
2024-01-01 01:20:00,332.3738241907953,209.50999585889923,1168.8720840389935,951.3766591768886,86.06908380722749,3.1713956255702898
2024-01-01 01:25:00,332.3738241907953,209.50999585889923,1168.8720840389935,951.3766591768886,86.06908380722749,3.1713956255702898
2024-01-01 01:30:00,332.3738241907953,209.50999585889923,1168.8720840389935,951.3766591768886,86.06908380722749,3.1713956255702898
2024-01-01 01:35:00,332.3738241907953,209.50999585889923,1168.8720840389935,951.3766591768886,86.06908380722749,3.1713956255702898
2024-01-01 01:40:00,332.3738241907953,209.50999585889923,1168.8720840389935,951.3766591768886,86.06908380722749,3.1713956255702898
2024-01-01 01:45:00,332.3738241907953,209.50999585889923,1168.8720840389935,951.3766591768886,86.06908380722749,3.1713956255702898
2024-01-01 01:50:00,332.3738241907953,209.50999585889923,1168.8720840389935,951.3766591768886,86.06908380722749,3.1713956255702898
2024-01-01 01:55:00,332.3738241907953,209.50999585889923,1168.8720840389935,951.3766591768886,86.06908380722749,3.1713956255702898
2024-01-01 02:00:00,659.0606400982523,415.4352176015075,2317.7444426475126,1886.4749999438193,170.66550172765506,6.28852779271009
2024-01-01 02:05:00,659.0606400982523,415.4352176015075,2317.7444426475126,1886.4749999438193,170.66550172765506,6.28852779271009
2024-01-01 02:10:00,659.0606400982523,415.4352176015075,2317.7444426475126,1886.4749999438193,170.66550172765506,6.28852779271009
2024-01-01 02:15:00,659.0606400982523,415.4352176015075,2317.7444426475126,1886.4749999438193,170.66550172765506,6.28852779271009
2024-01-01 02:20:00,659.0606400982523,415.4352176015075,2317.7444426475126,1886.4749999438193,170.66550172765506,6.28852779271009
2024-01-01 02:25:00,659.0606400982523,415.4352176015075,2317.7444426475126,1886.4749999438193,170.66550172765506,6.28852779271009
2024-01-01 02:30:00,659.0606400982523,415.4352176015075,2317.7444426475126,1886.4749999438193,170.66550172765506,6.28852779271009
2024-01-01 02:35:00,659.0606400982523,415.4352176015075,2317.7444426475126,1886.4749999438193,170.66550172765506,6.28852779271009
2024-01-01 02:40:00,659.0606400982523,415.4352176015075,2317.7444426475126,1886.4749999438193,170.66550172765506,6.28852779271009
2024-01-01 02:45:00,659.0606400982523,415.4352176015075,2317.7444426475126,1886.4749999438193,170.66550172765506,6.28852779271009
2024-01-01 02:50:00,659.0606400982523,415.4352176015075,2317.7444426475126,1886.4749999438193,170.66550172765506,6.28852779271009
2024-01-01 02:55:00,659.0606400982523,415.4352176015075,2317.7444426475126,1886.4749999438193,170.66550172765506,6.28852779271009
2024-01-01 03:00:00,974.4707457274986,614.252227590552,3426.959551242173,2789.2952304320283,252.341785596106,9.298061505807322
2024-01-01 03:05:00,974.4707457274986,614.252227590552,3426.959551242173,2789.2952304320283,252.341785596106,9.298061505807322
2024-01-01 03:10:00,974.4707457274986,614.252227590552,3426.959551242173,2789.2952304320283,252.341785596106,9.298061505807322
2024-01-01 03:15:00,974.4707457274986,614.252227590552,3426.959551242173,2789.2952304320283,252.341785596106,9.298061505807322
2024-01-01 03:20:00,974.4707457274986,614.252227590552,3426.959551242173,2789.2952304320283,252.341785596106,9.298061505807322
2024-01-01 03:25:00,974.4707457274986,614.252227590552,3426.959551242173,2789.2952304320283,252.341785596106,9.298061505807322
2024-01-01 03:30:00,974.4707457274986,614.252227590552,3426.959551242173,2789.2952304320283,252.341785596106,9.298061505807322
2024-01-01 03:35:00,974.4707457274986,614.252227590552,3426.959551242173,2789.2952304320283,252.341785596106,9.298061505807322
2024-01-01 03:40:00,974.4707457274986,614.252227590552,3426.959551242173,2789.2952304320283,252.341785596106,9.298061505807322
2024-01-01 03:45:00,974.4707457274986,614.252227590552,3426.959551242173,2789.2952304320283,252.341785596106,9.298061505807322
2024-01-01 03:50:00,974.4707457274986,614.252227590552,3426.959551242173,2789.2952304320283,252.341785596106,9.298061505807322
2024-01-01 03:55:00,974.4707457274986,614.252227590552,3426.959551242173,2789.2952304320283,252.341785596106,9.298061505807322
2024-01-01 04:00:00,1273.2073867230135,802.5592116626301,4477.538431782388,3644.389846188806,329.7004315506471,12.148502808630521
2024-01-01 04:05:00,1273.2073867230135,802.5592116626301,4477.538431782388,3644.389846188806,329.7004315506471,12.148502808630521
2024-01-01 04:10:00,1273.2073867230135,802.5592116626301,4477.538431782388,3644.389846188806,329.7004315506471,12.148502808630521
2024-01-01 04:15:00,1273.2073867230135,802.5592116626301,4477.538431782388,3644.389846188806,329.7004315506471,12.148502808630521
2024-01-01 04:20:00,1273.2073867230135,802.5592116626301,4477.538431782388,3644.389846188806,329.7004315506471,12.148502808630521
2024-01-01 04:25:00,1273.2073867230135,802.5592116626301,4477.538431782388,3644.389846188806,329.7004315506471,12.148502808630521
2024-01-01 04:30:00,1273.2073867230135,802.5592116626301,4477.538431782388,3644.389846188806,329.7004315506471,12.148502808630521
2024-01-01 04:35:00,1273.2073867230135,802.5592116626301,4477.538431782388,3644.389846188806,329.7004315506471,12.148502808630521
2024-01-01 04:40:00,1273.2073867230135,802.5592116626301,4477.538431782388,3644.389846188806,329.7004315506471,12.148502808630521
2024-01-01 04:45:00,1273.2073867230135,802.5592116626301,4477.538431782388,3644.389846188806,329.7004315506471,12.148502808630521
2024-01-01 04:50:00,1273.2073867230135,802.5592116626301,4477.538431782388,3644.389846188806,329.7004315506471,12.148502808630521
2024-01-01 04:55:00,1273.2073867230135,802.5592116626301,4477.538431782388,3644.389846188806,329.7004315506471,12.148502808630521
2024-01-01 05:00:00,1550.1590963319225,977.1341851117105,5451.505388346627,4437.127941261538,401.417811711128,14.791079860196755
2024-01-01 05:05:00,1550.1590963319225,977.1341851117105,5451.505388346627,4437.127941261538,401.417811711128,14.791079860196755
2024-01-01 05:10:00,1550.1590963319225,977.1341851117105,5451.505388346627,4437.127941261538,401.417811711128,14.791079860196755
2024-01-01 05:15:00,1550.1590963319225,977.1341851117105,5451.505388346627,4437.127941261538,401.417811711128,14.791079860196755
2024-01-01 05:20:00,1550.1590963319225,977.1341851117105,5451.505388346627,4437.127941261538,401.417811711128,14.791079860196755
2024-01-01 05:25:00,1550.1590963319225,977.1341851117105,5451.505388346627,4437.127941261538,401.417811711128,14.791079860196755
2024-01-01 05:30:00,1550.1590963319225,977.1341851117105,5451.505388346627,4437.127941261538,401.417811711128,14.791079860196755
2024-01-01 05:35:00,1550.1590963319225,977.1341851117105,5451.505388346627,4437.127941261538,401.417811711128,14.791079860196755
2024-01-01 05:40:00,1550.1590963319225,977.1341851117105,5451.505388346627,4437.127941261538,401.417811711128,14.791079860196755
2024-01-01 05:45:00,1550.1590963319225,977.1341851117105,5451.505388346627,4437.127941261538,401.417811711128,14.791079860196755
2024-01-01 05:50:00,1550.1590963319225,977.1341851117105,5451.505388346627,4437.127941261538,401.417811711128,14.791079860196755
2024-01-01 05:55:00,1550.1590963319225,977.1341851117105,5451.505388346627,4437.127941261538,401.417811711128,14.791079860196755
2024-01-01 06:00:00,1800.5871540172925,1134.9901217407514,6332.195576273418,5153.945547055007,466.2668218191876,17.18057743449293
2024-01-01 06:05:00,1800.5871540172925,1134.9901217407514,6332.195576273418,5153.945547055007,466.2668218191876,17.18057743449293
2024-01-01 06:10:00,1800.5871540172925,1134.9901217407514,6332.195576273418,5153.945547055007,466.2668218191876,17.18057743449293
2024-01-01 06:15:00,1800.5871540172925,1134.9901217407514,6332.195576273418,5153.945547055007,466.2668218191876,17.18057743449293
2024-01-01 06:20:00,1800.5871540172925,1134.9901217407514,6332.195576273418,5153.945547055007,466.2668218191876,17.18057743449293
2024-01-01 06:25:00,1800.5871540172925,1134.9901217407514,6332.195576273418,5153.945547055007,466.2668218191876,17.18057743449293
2024-01-01 06:30:00,1800.5871540172925,1134.9901217407514,6332.195576273418,5153.945547055007,466.2668218191876,17.18057743449293
2024-01-01 06:35:00,1800.5871540172925,1134.9901217407514,6332.195576273418,5153.945547055007,466.2668218191876,17.18057743449293
2024-01-01 06:40:00,1800.5871540172925,1134.9901217407514,6332.195576273418,5153.945547055007,466.2668218191876,17.18057743449293
2024-01-01 06:45:00,1800.5871540172925,1134.9901217407514,6332.195576273418,5153.945547055007,466.2668218191876,17.18057743449293
2024-01-01 06:50:00,1800.5871540172925,1134.9901217407514,6332.195576273418,5153.945547055007,466.2668218191876,17.18057743449293
2024-01-01 06:55:00,1800.5871540172925,1134.9901217407514,6332.195576273418,5153.945547055007,466.2668218191876,17.18057743449293
2024-01-01 07:00:00,2020.2066662803556,1273.4260627080969,7104.540142273876,5782.577715594697,523.1378773323355,19.276110565528963
2024-01-01 07:05:00,2020.2066662803556,1273.4260627080969,7104.540142273876,5782.577715594697,523.1378773323355,19.276110565528963
2024-01-01 07:10:00,2020.2066662803556,1273.4260627080969,7104.540142273876,5782.577715594697,523.1378773323355,19.276110565528963
2024-01-01 07:15:00,2020.2066662803556,1273.4260627080969,7104.540142273876,5782.577715594697,523.1378773323355,19.276110565528963
2024-01-01 07:20:00,2020.2066662803556,1273.4260627080969,7104.540142273876,5782.577715594697,523.1378773323355,19.276110565528963
2024-01-01 07:25:00,2020.2066662803556,1273.4260627080969,7104.540142273876,5782.577715594697,523.1378773323355,19.276110565528963
2024-01-01 07:30:00,2020.2066662803556,1273.4260627080969,7104.540142273876,5782.577715594697,523.1378773323355,19.276110565528963
2024-01-01 07:35:00,2020.2066662803556,1273.4260627080969,7104.540142273876,5782.577715594697,523.1378773323355,19.276110565528963
2024-01-01 07:40:00,2020.2066662803556,1273.4260627080969,7104.540142273876,5782.577715594697,523.1378773323355,19.276110565528963
2024-01-01 07:45:00,2020.2066662803556,1273.4260627080969,7104.540142273876,5782.577715594697,523.1378773323355,19.276110565528963
2024-01-01 07:50:00,2020.2066662803556,1273.4260627080969,7104.540142273876,5782.577715594697,523.1378773323355,19.276110565528963
2024-01-01 07:55:00,2020.2066662803556,1273.4260627080969,7104.540142273876,5782.577715594697,523.1378773323355,19.276110565528963
2024-01-01 08:00:00,2205.259882376256,1390.0733306821003,7755.324056689371,6312.2683761871385,571.0578987231057,21.04182410044127
2024-01-01 08:05:00,2205.259882376256,1390.0733306821003,7755.324056689371,6312.2683761871385,571.0578987231057,21.04182410044127
2024-01-01 08:10:00,2205.259882376256,1390.0733306821003,7755.324056689371,6312.2683761871385,571.0578987231057,21.04182410044127
2024-01-01 08:15:00,2205.259882376256,1390.0733306821003,7755.324056689371,6312.2683761871385,571.0578987231057,21.04182410044127
2024-01-01 08:20:00,2205.259882376256,1390.0733306821003,7755.324056689371,6312.2683761871385,571.0578987231057,21.04182410044127
2024-01-01 08:25:00,2205.259882376256,1390.0733306821003,7755.324056689371,6312.2683761871385,571.0578987231057,21.04182410044127
2024-01-01 08:30:00,2205.259882376256,1390.0733306821003,7755.324056689371,6312.2683761871385,571.0578987231057,21.04182410044127
2024-01-01 08:35:00,2205.259882376256,1390.0733306821003,7755.324056689371,6312.2683761871385,571.0578987231057,21.04182410044127
2024-01-01 08:40:00,2205.259882376256,1390.0733306821003,7755.324056689371,6312.2683761871385,571.0578987231057,21.04182410044127
2024-01-01 08:45:00,2205.259882376256,1390.0733306821003,7755.324056689371,6312.2683761871385,571.0578987231057,21.04182410044127
2024-01-01 08:50:00,2205.259882376256,1390.0733306821003,7755.324056689371,6312.2683761871385,571.0578987231057,21.04182410044127
2024-01-01 08:55:00,2205.259882376256,1390.0733306821003,7755.324056689371,6312.2683761871385,571.0578987231057,21.04182410044127
2024-01-01 09:00:00,2352.5804904711517,1482.9360585669947,8273.412226312876,6733.9543747715925,609.2069611395627,22.44750619109925
2024-01-01 09:05:00,2352.5804904711517,1482.9360585669947,8273.412226312876,6733.9543747715925,609.2069611395627,22.44750619109925
2024-01-01 09:10:00,2352.5804904711517,1482.9360585669947,8273.412226312876,6733.9543747715925,609.2069611395627,22.44750619109925
2024-01-01 09:15:00,2352.5804904711517,1482.9360585669947,8273.412226312876,6733.9543747715925,609.2069611395627,22.44750619109925
2024-01-01 09:20:00,2352.5804904711517,1482.9360585669947,8273.412226312876,6733.9543747715925,609.2069611395627,22.44750619109925
2024-01-01 09:25:00,2352.5804904711517,1482.9360585669947,8273.412226312876,6733.9543747715925,609.2069611395627,22.44750619109925
2024-01-01 09:30:00,2352.5804904711517,1482.9360585669947,8273.412226312876,6733.9543747715925,609.2069611395627,22.44750619109925
2024-01-01 09:35:00,2352.5804904711517,1482.9360585669947,8273.412226312876,6733.9543747715925,609.2069611395627,22.44750619109925
2024-01-01 09:40:00,2352.5804904711517,1482.9360585669947,8273.412226312876,6733.9543747715925,609.2069611395627,22.44750619109925
2024-01-01 09:45:00,2352.5804904711517,1482.9360585669947,8273.412226312876,6733.9543747715925,609.2069611395627,22.44750619109925
2024-01-01 09:50:00,2352.5804904711517,1482.9360585669947,8273.412226312876,6733.9543747715925,609.2069611395627,22.44750619109925
2024-01-01 09:55:00,2352.5804904711517,1482.9360585669947,8273.412226312876,6733.9543747715925,609.2069611395627,22.44750619109925
2024-01-01 10:00:00,2459.6477941155467,1550.4253393422593,8649.940018920928,7040.42054699883,636.9323235468427,23.46910522720301
2024-01-01 10:05:00,2459.6477941155467,1550.4253393422593,8649.940018920928,7040.42054699883,636.9323235468427,23.46910522720301
2024-01-01 10:10:00,2459.6477941155467,1550.4253393422593,8649.940018920928,7040.42054699883,636.9323235468427,23.46910522720301
2024-01-01 10:15:00,2459.6477941155467,1550.4253393422593,8649.940018920928,7040.42054699883,636.9323235468427,23.46910522720301
2024-01-01 10:20:00,2459.6477941155467,1550.4253393422593,8649.940018920928,7040.42054699883,636.9323235468427,23.46910522720301
2024-01-01 10:25:00,2459.6477941155467,1550.4253393422593,8649.940018920928,7040.42054699883,636.9323235468427,23.46910522720301
2024-01-01 10:30:00,2459.6477941155467,1550.4253393422593,8649.940018920928,7040.42054699883,636.9323235468427,23.46910522720301
2024-01-01 10:35:00,2459.6477941155467,1550.4253393422593,8649.940018920928,7040.42054699883,636.9323235468427,23.46910522720301
2024-01-01 10:40:00,2459.6477941155467,1550.4253393422593,8649.940018920928,7040.42054699883,636.9323235468427,23.46910522720301
2024-01-01 10:45:00,2459.6477941155467,1550.4253393422593,8649.940018920928,7040.42054699883,636.9323235468427,23.46910522720301
2024-01-01 10:50:00,2459.6477941155467,1550.4253393422593,8649.940018920928,7040.42054699883,636.9323235468427,23.46910522720301
2024-01-01 10:55:00,2459.6477941155467,1550.4253393422593,8649.940018920928,7040.42054699883,636.9323235468427,23.46910522720301
2024-01-01 11:00:00,2524.6298420594203,1591.3864127022625,8878.464939588797,7226.4231716935665,653.7595973072334,24.089141366004068
2024-01-01 11:05:00,2524.6298420594203,1591.3864127022625,8878.464939588797,7226.4231716935665,653.7595973072334,24.089141366004068
2024-01-01 11:10:00,2524.6298420594203,1591.3864127022625,8878.464939588797,7226.4231716935665,653.7595973072334,24.089141366004068
2024-01-01 11:15:00,2524.6298420594203,1591.3864127022625,8878.464939588797,7226.4231716935665,653.7595973072334,24.089141366004068
2024-01-01 11:20:00,2524.6298420594203,1591.3864127022625,8878.464939588797,7226.4231716935665,653.7595973072334,24.089141366004068
2024-01-01 11:25:00,2524.6298420594203,1591.3864127022625,8878.464939588797,7226.4231716935665,653.7595973072334,24.089141366004068
2024-01-01 11:30:00,2524.6298420594203,1591.3864127022625,8878.464939588797,7226.4231716935665,653.7595973072334,24.089141366004068
2024-01-01 11:35:00,2524.6298420594203,1591.3864127022625,8878.464939588797,7226.4231716935665,653.7595973072334,24.089141366004068
2024-01-01 11:40:00,2524.6298420594203,1591.3864127022625,8878.464939588797,7226.4231716935665,653.7595973072334,24.089141366004068
2024-01-01 11:45:00,2524.6298420594203,1591.3864127022625,8878.464939588797,7226.4231716935665,653.7595973072334,24.089141366004068
2024-01-01 11:50:00,2524.6298420594203,1591.3864127022625,8878.464939588797,7226.4231716935665,653.7595973072334,24.089141366004068
2024-01-01 11:55:00,2524.6298420594203,1591.3864127022625,8878.464939588797,7226.4231716935665,653.7595973072334,24.089141366004068
2024-01-01 12:00:00,2546.4147734460275,1605.1184233252607,8955.076863564778,7288.779692377613,659.4008631012944,24.297005617261043
2024-01-01 12:05:00,2546.4147734460275,1605.1184233252607,8955.076863564778,7288.779692377613,659.4008631012944,24.297005617261043
2024-01-01 12:10:00,2546.4147734460275,1605.1184233252607,8955.076863564778,7288.779692377613,659.4008631012944,24.297005617261043
2024-01-01 12:15:00,2546.4147734460275,1605.1184233252607,8955.076863564778,7288.779692377613,659.4008631012944,24.297005617261043
2024-01-01 12:20:00,2546.4147734460275,1605.1184233252607,8955.076863564778,7288.779692377613,659.4008631012944,24.297005617261043
2024-01-01 12:25:00,2546.4147734460275,1605.1184233252607,8955.076863564778,7288.779692377613,659.4008631012944,24.297005617261043
2024-01-01 12:30:00,2546.4147734460275,1605.1184233252607,8955.076863564778,7288.779692377613,659.4008631012944,24.297005617261043
2024-01-01 12:35:00,2546.4147734460275,1605.1184233252607,8955.076863564778,7288.779692377613,659.4008631012944,24.297005617261043
2024-01-01 12:40:00,2546.4147734460275,1605.1184233252607,8955.076863564778,7288.779692377613,659.4008631012944,24.297005617261043
2024-01-01 12:45:00,2546.4147734460275,1605.1184233252607,8955.076863564778,7288.779692377613,659.4008631012944,24.297005617261043
2024-01-01 12:50:00,2546.4147734460275,1605.1184233252607,8955.076863564778,7288.779692377613,659.4008631012944,24.297005617261043
2024-01-01 12:55:00,2546.4147734460275,1605.1184233252607,8955.076863564778,7288.779692377613,659.4008631012944,24.297005617261043
2024-01-01 13:00:00,2524.6298420594203,1591.3864127022625,8878.464939588797,7226.4231716935665,653.7595973072334,24.089141366004068
2024-01-01 13:05:00,2524.6298420594203,1591.3864127022625,8878.464939588797,7226.4231716935665,653.7595973072334,24.089141366004068
2024-01-01 13:10:00,2524.6298420594203,1591.3864127022625,8878.464939588797,7226.4231716935665,653.7595973072334,24.089141366004068
2024-01-01 13:15:00,2524.6298420594203,1591.3864127022625,8878.464939588797,7226.4231716935665,653.7595973072334,24.089141366004068
2024-01-01 13:20:00,2524.6298420594203,1591.3864127022625,8878.464939588797,7226.4231716935665,653.7595973072334,24.089141366004068
2024-01-01 13:25:00,2524.6298420594203,1591.3864127022625,8878.464939588797,7226.4231716935665,653.7595973072334,24.089141366004068
2024-01-01 13:30:00,2524.6298420594203,1591.3864127022625,8878.464939588797,7226.4231716935665,653.7595973072334,24.089141366004068
2024-01-01 13:35:00,2524.6298420594203,1591.3864127022625,8878.464939588797,7226.4231716935665,653.7595973072334,24.089141366004068
2024-01-01 13:40:00,2524.6298420594203,1591.3864127022625,8878.464939588797,7226.4231716935665,653.7595973072334,24.089141366004068
2024-01-01 13:45:00,2524.6298420594203,1591.3864127022625,8878.464939588797,7226.4231716935665,653.7595973072334,24.089141366004068
2024-01-01 13:50:00,2524.6298420594203,1591.3864127022625,8878.464939588797,7226.4231716935665,653.7595973072334,24.089141366004068
2024-01-01 13:55:00,2524.6298420594203,1591.3864127022625,8878.464939588797,7226.4231716935665,653.7595973072334,24.089141366004068
2024-01-01 14:00:00,2459.6477941155467,1550.4253393422593,8649.940018920928,7040.42054699883,636.9323235468427,23.46910522720301
2024-01-01 14:05:00,2459.6477941155467,1550.4253393422593,8649.940018920928,7040.42054699883,636.9323235468427,23.46910522720301
2024-01-01 14:10:00,2459.6477941155467,1550.4253393422593,8649.940018920928,7040.42054699883,636.9323235468427,23.46910522720301
2024-01-01 14:15:00,2459.6477941155467,1550.4253393422593,8649.940018920928,7040.42054699883,636.9323235468427,23.46910522720301
2024-01-01 14:20:00,2459.6477941155467,1550.4253393422593,8649.940018920928,7040.42054699883,636.9323235468427,23.46910522720301
2024-01-01 14:25:00,2459.6477941155467,1550.4253393422593,8649.940018920928,7040.42054699883,636.9323235468427,23.46910522720301
2024-01-01 14:30:00,2459.6477941155467,1550.4253393422593,8649.940018920928,7040.42054699883,636.9323235468427,23.46910522720301
2024-01-01 14:35:00,2459.6477941155467,1550.4253393422593,8649.940018920928,7040.42054699883,636.9323235468427,23.46910522720301
2024-01-01 14:40:00,2459.6477941155467,1550.4253393422593,8649.940018920928,7040.42054699883,636.9323235468427,23.46910522720301
2024-01-01 14:45:00,2459.6477941155467,1550.4253393422593,8649.940018920928,7040.42054699883,636.9323235468427,23.46910522720301
2024-01-01 14:50:00,2459.6477941155467,1550.4253393422593,8649.940018920928,7040.42054699883,636.9323235468427,23.46910522720301
2024-01-01 14:55:00,2459.6477941155467,1550.4253393422593,8649.940018920928,7040.42054699883,636.9323235468427,23.46910522720301
2024-01-01 15:00:00,2352.5804904711517,1482.9360585669947,8273.412226312876,6733.9543747715925,609.2069611395627,22.44750619109925
2024-01-01 15:05:00,2352.5804904711517,1482.9360585669947,8273.412226312876,6733.9543747715925,609.2069611395627,22.44750619109925
2024-01-01 15:10:00,2352.5804904711517,1482.9360585669947,8273.412226312876,6733.9543747715925,609.2069611395627,22.44750619109925
2024-01-01 15:15:00,2352.5804904711517,1482.9360585669947,8273.412226312876,6733.9543747715925,609.2069611395627,22.44750619109925
2024-01-01 15:20:00,2352.5804904711517,1482.9360585669947,8273.412226312876,6733.9543747715925,609.2069611395627,22.44750619109925
2024-01-01 15:25:00,2352.5804904711517,1482.9360585669947,8273.412226312876,6733.9543747715925,609.2069611395627,22.44750619109925
2024-01-01 15:30:00,2352.5804904711517,1482.9360585669947,8273.412226312876,6733.9543747715925,609.2069611395627,22.44750619109925
2024-01-01 15:35:00,2352.5804904711517,1482.9360585669947,8273.412226312876,6733.9543747715925,609.2069611395627,22.44750619109925
2024-01-01 15:40:00,2352.5804904711517,1482.9360585669947,8273.412226312876,6733.9543747715925,609.2069611395627,22.44750619109925
2024-01-01 15:45:00,2352.5804904711517,1482.9360585669947,8273.412226312876,6733.9543747715925,609.2069611395627,22.44750619109925
2024-01-01 15:50:00,2352.5804904711517,1482.9360585669947,8273.412226312876,6733.9543747715925,609.2069611395627,22.44750619109925
2024-01-01 15:55:00,2352.5804904711517,1482.9360585669947,8273.412226312876,6733.9543747715925,609.2069611395627,22.44750619109925
2024-01-01 16:00:00,2205.259882376256,1390.0733306821007,7755.324056689372,6312.26837618714,571.057898723106,21.041824100441275
2024-01-01 16:05:00,2205.259882376256,1390.0733306821007,7755.324056689372,6312.26837618714,571.057898723106,21.041824100441275
2024-01-01 16:10:00,2205.259882376256,1390.0733306821007,7755.324056689372,6312.26837618714,571.057898723106,21.041824100441275
2024-01-01 16:15:00,2205.259882376256,1390.0733306821007,7755.324056689372,6312.26837618714,571.057898723106,21.041824100441275
2024-01-01 16:20:00,2205.259882376256,1390.0733306821007,7755.324056689372,6312.26837618714,571.057898723106,21.041824100441275
2024-01-01 16:25:00,2205.259882376256,1390.0733306821007,7755.324056689372,6312.26837618714,571.057898723106,21.041824100441275
2024-01-01 16:30:00,2205.259882376256,1390.0733306821007,7755.324056689372,6312.26837618714,571.057898723106,21.041824100441275
2024-01-01 16:35:00,2205.259882376256,1390.0733306821007,7755.324056689372,6312.26837618714,571.057898723106,21.041824100441275
2024-01-01 16:40:00,2205.259882376256,1390.0733306821007,7755.324056689372,6312.26837618714,571.057898723106,21.041824100441275
2024-01-01 16:45:00,2205.259882376256,1390.0733306821007,7755.324056689372,6312.26837618714,571.057898723106,21.041824100441275
2024-01-01 16:50:00,2205.259882376256,1390.0733306821007,7755.324056689372,6312.26837618714,571.057898723106,21.041824100441275
2024-01-01 16:55:00,2205.259882376256,1390.0733306821007,7755.324056689372,6312.26837618714,571.057898723106,21.041824100441275
2024-01-01 17:00:00,2020.2066662803556,1273.4260627080969,7104.540142273876,5782.577715594697,523.1378773323355,19.276110565528963
2024-01-01 17:05:00,2020.2066662803556,1273.4260627080969,7104.540142273876,5782.577715594697,523.1378773323355,19.276110565528963
2024-01-01 17:10:00,2020.2066662803556,1273.4260627080969,7104.540142273876,5782.577715594697,523.1378773323355,19.276110565528963
2024-01-01 17:15:00,2020.2066662803556,1273.4260627080969,7104.540142273876,5782.577715594697,523.1378773323355,19.276110565528963
2024-01-01 17:20:00,2020.2066662803556,1273.4260627080969,7104.540142273876,5782.577715594697,523.1378773323355,19.276110565528963
2024-01-01 17:25:00,2020.2066662803556,1273.4260627080969,7104.540142273876,5782.577715594697,523.1378773323355,19.276110565528963
2024-01-01 17:30:00,2020.2066662803556,1273.4260627080969,7104.540142273876,5782.577715594697,523.1378773323355,19.276110565528963
2024-01-01 17:35:00,2020.2066662803556,1273.4260627080969,7104.540142273876,5782.577715594697,523.1378773323355,19.276110565528963
2024-01-01 17:40:00,2020.2066662803556,1273.4260627080969,7104.540142273876,5782.577715594697,523.1378773323355,19.276110565528963
2024-01-01 17:45:00,2020.2066662803556,1273.4260627080969,7104.540142273876,5782.577715594697,523.1378773323355,19.276110565528963
2024-01-01 17:50:00,2020.2066662803556,1273.4260627080969,7104.540142273876,5782.577715594697,523.1378773323355,19.276110565528963
2024-01-01 17:55:00,2020.2066662803556,1273.4260627080969,7104.540142273876,5782.577715594697,523.1378773323355,19.276110565528963
2024-01-01 18:00:00,1800.5871540172925,1134.9901217407514,6332.195576273418,5153.945547055007,466.2668218191876,17.18057743449293
2024-01-01 18:05:00,1800.5871540172925,1134.9901217407514,6332.195576273418,5153.945547055007,466.2668218191876,17.18057743449293
2024-01-01 18:10:00,1800.5871540172925,1134.9901217407514,6332.195576273418,5153.945547055007,466.2668218191876,17.18057743449293
2024-01-01 18:15:00,1800.5871540172925,1134.9901217407514,6332.195576273418,5153.945547055007,466.2668218191876,17.18057743449293
2024-01-01 18:20:00,1800.5871540172925,1134.9901217407514,6332.195576273418,5153.945547055007,466.2668218191876,17.18057743449293
2024-01-01 18:25:00,1800.5871540172925,1134.9901217407514,6332.195576273418,5153.945547055007,466.2668218191876,17.18057743449293
2024-01-01 18:30:00,1800.5871540172925,1134.9901217407514,6332.195576273418,5153.945547055007,466.2668218191876,17.18057743449293
2024-01-01 18:35:00,1800.5871540172925,1134.9901217407514,6332.195576273418,5153.945547055007,466.2668218191876,17.18057743449293
2024-01-01 18:40:00,1800.5871540172925,1134.9901217407514,6332.195576273418,5153.945547055007,466.2668218191876,17.18057743449293
2024-01-01 18:45:00,1800.5871540172925,1134.9901217407514,6332.195576273418,5153.945547055007,466.2668218191876,17.18057743449293
2024-01-01 18:50:00,1800.5871540172925,1134.9901217407514,6332.195576273418,5153.945547055007,466.2668218191876,17.18057743449293
2024-01-01 18:55:00,1800.5871540172925,1134.9901217407514,6332.195576273418,5153.945547055007,466.2668218191876,17.18057743449293
2024-01-01 19:00:00,1550.159096331923,977.1341851117105,5451.505388346629,4437.12794126154,401.4178117111282,14.791079860196756
2024-01-01 19:05:00,1550.159096331923,977.1341851117105,5451.505388346629,4437.12794126154,401.4178117111282,14.791079860196756
2024-01-01 19:10:00,1550.159096331923,977.1341851117105,5451.505388346629,4437.12794126154,401.4178117111282,14.791079860196756
2024-01-01 19:15:00,1550.159096331923,977.1341851117105,5451.505388346629,4437.12794126154,401.4178117111282,14.791079860196756
2024-01-01 19:20:00,1550.159096331923,977.1341851117105,5451.505388346629,4437.12794126154,401.4178117111282,14.791079860196756
2024-01-01 19:25:00,1550.159096331923,977.1341851117105,5451.505388346629,4437.12794126154,401.4178117111282,14.791079860196756
2024-01-01 19:30:00,1550.159096331923,977.1341851117105,5451.505388346629,4437.12794126154,401.4178117111282,14.791079860196756
2024-01-01 19:35:00,1550.159096331923,977.1341851117105,5451.505388346629,4437.12794126154,401.4178117111282,14.791079860196756
2024-01-01 19:40:00,1550.159096331923,977.1341851117105,5451.505388346629,4437.12794126154,401.4178117111282,14.791079860196756
2024-01-01 19:45:00,1550.159096331923,977.1341851117105,5451.505388346629,4437.12794126154,401.4178117111282,14.791079860196756
2024-01-01 19:50:00,1550.159096331923,977.1341851117105,5451.505388346629,4437.12794126154,401.4178117111282,14.791079860196756
2024-01-01 19:55:00,1550.159096331923,977.1341851117105,5451.505388346629,4437.12794126154,401.4178117111282,14.791079860196756
2024-01-01 20:00:00,1273.2073867230135,802.5592116626301,4477.538431782388,3644.389846188806,329.7004315506471,12.148502808630521
2024-01-01 20:05:00,1273.2073867230135,802.5592116626301,4477.538431782388,3644.389846188806,329.7004315506471,12.148502808630521
2024-01-01 20:10:00,1273.2073867230135,802.5592116626301,4477.538431782388,3644.389846188806,329.7004315506471,12.148502808630521
2024-01-01 20:15:00,1273.2073867230135,802.5592116626301,4477.538431782388,3644.389846188806,329.7004315506471,12.148502808630521
2024-01-01 20:20:00,1273.2073867230135,802.5592116626301,4477.538431782388,3644.389846188806,329.7004315506471,12.148502808630521
2024-01-01 20:25:00,1273.2073867230135,802.5592116626301,4477.538431782388,3644.389846188806,329.7004315506471,12.148502808630521
2024-01-01 20:30:00,1273.2073867230135,802.5592116626301,4477.538431782388,3644.389846188806,329.7004315506471,12.148502808630521
2024-01-01 20:35:00,1273.2073867230135,802.5592116626301,4477.538431782388,3644.389846188806,329.7004315506471,12.148502808630521
2024-01-01 20:40:00,1273.2073867230135,802.5592116626301,4477.538431782388,3644.389846188806,329.7004315506471,12.148502808630521
2024-01-01 20:45:00,1273.2073867230135,802.5592116626301,4477.538431782388,3644.389846188806,329.7004315506471,12.148502808630521
2024-01-01 20:50:00,1273.2073867230135,802.5592116626301,4477.538431782388,3644.389846188806,329.7004315506471,12.148502808630521
2024-01-01 20:55:00,1273.2073867230135,802.5592116626301,4477.538431782388,3644.389846188806,329.7004315506471,12.148502808630521
2024-01-01 21:00:00,974.4707457274988,614.2522275905523,3426.9595512421747,2789.2952304320297,252.34178559610615,9.298061505807324
2024-01-01 21:05:00,974.4707457274988,614.2522275905523,3426.9595512421747,2789.2952304320297,252.34178559610615,9.298061505807324
2024-01-01 21:10:00,974.4707457274988,614.2522275905523,3426.9595512421747,2789.2952304320297,252.34178559610615,9.298061505807324
2024-01-01 21:15:00,974.4707457274988,614.2522275905523,3426.9595512421747,2789.2952304320297,252.34178559610615,9.298061505807324
2024-01-01 21:20:00,974.4707457274988,614.2522275905523,3426.9595512421747,2789.2952304320297,252.34178559610615,9.298061505807324
2024-01-01 21:25:00,974.4707457274988,614.2522275905523,3426.9595512421747,2789.2952304320297,252.34178559610615,9.298061505807324
2024-01-01 21:30:00,974.4707457274988,614.2522275905523,3426.9595512421747,2789.2952304320297,252.34178559610615,9.298061505807324
2024-01-01 21:35:00,974.4707457274988,614.2522275905523,3426.9595512421747,2789.2952304320297,252.34178559610615,9.298061505807324
2024-01-01 21:40:00,974.4707457274988,614.2522275905523,3426.9595512421747,2789.2952304320297,252.34178559610615,9.298061505807324
2024-01-01 21:45:00,974.4707457274988,614.2522275905523,3426.9595512421747,2789.2952304320297,252.34178559610615,9.298061505807324
2024-01-01 21:50:00,974.4707457274988,614.2522275905523,3426.9595512421747,2789.2952304320297,252.34178559610615,9.298061505807324
2024-01-01 21:55:00,974.4707457274988,614.2522275905523,3426.9595512421747,2789.2952304320297,252.34178559610615,9.298061505807324
2024-01-01 22:00:00,659.060640098253,415.43521760150793,2317.7444426475154,1886.4749999438213,170.66550172765517,6.288527792710095
2024-01-01 22:05:00,659.060640098253,415.43521760150793,2317.7444426475154,1886.4749999438213,170.66550172765517,6.288527792710095
2024-01-01 22:10:00,659.060640098253,415.43521760150793,2317.7444426475154,1886.4749999438213,170.66550172765517,6.288527792710095
2024-01-01 22:15:00,659.060640098253,415.43521760150793,2317.7444426475154,1886.4749999438213,170.66550172765517,6.288527792710095
2024-01-01 22:20:00,659.060640098253,415.43521760150793,2317.7444426475154,1886.4749999438213,170.66550172765517,6.288527792710095
2024-01-01 22:25:00,659.060640098253,415.43521760150793,2317.7444426475154,1886.4749999438213,170.66550172765517,6.288527792710095
2024-01-01 22:30:00,659.060640098253,415.43521760150793,2317.7444426475154,1886.4749999438213,170.66550172765517,6.288527792710095
2024-01-01 22:35:00,659.060640098253,415.43521760150793,2317.7444426475154,1886.4749999438213,170.66550172765517,6.288527792710095
2024-01-01 22:40:00,659.060640098253,415.43521760150793,2317.7444426475154,1886.4749999438213,170.66550172765517,6.288527792710095
2024-01-01 22:45:00,659.060640098253,415.43521760150793,2317.7444426475154,1886.4749999438213,170.66550172765517,6.288527792710095
2024-01-01 22:50:00,659.060640098253,415.43521760150793,2317.7444426475154,1886.4749999438213,170.66550172765517,6.288527792710095
2024-01-01 22:55:00,659.060640098253,415.43521760150793,2317.7444426475154,1886.4749999438213,170.66550172765517,6.288527792710095
2024-01-01 23:00:00,332.3738241907964,209.50999585889983,1168.8720840389972,951.3766591768915,86.06908380722776,3.1713956255702995
2024-01-01 23:05:00,332.3738241907964,209.50999585889983,1168.8720840389972,951.3766591768915,86.06908380722776,3.1713956255702995
2024-01-01 23:10:00,332.3738241907964,209.50999585889983,1168.8720840389972,951.3766591768915,86.06908380722776,3.1713956255702995
2024-01-01 23:15:00,332.3738241907964,209.50999585889983,1168.8720840389972,951.3766591768915,86.06908380722776,3.1713956255702995
2024-01-01 23:20:00,332.3738241907964,209.50999585889983,1168.8720840389972,951.3766591768915,86.06908380722776,3.1713956255702995
2024-01-01 23:25:00,332.3738241907964,209.50999585889983,1168.8720840389972,951.3766591768915,86.06908380722776,3.1713956255702995
2024-01-01 23:30:00,332.3738241907964,209.50999585889983,1168.8720840389972,951.3766591768915,86.06908380722776,3.1713956255702995
2024-01-01 23:35:00,332.3738241907964,209.50999585889983,1168.8720840389972,951.3766591768915,86.06908380722776,3.1713956255702995
2024-01-01 23:40:00,332.3738241907964,209.50999585889983,1168.8720840389972,951.3766591768915,86.06908380722776,3.1713956255702995
2024-01-01 23:45:00,332.3738241907964,209.50999585889983,1168.8720840389972,951.3766591768915,86.06908380722776,3.1713956255702995
2024-01-01 23:50:00,332.3738241907964,209.50999585889983,1168.8720840389972,951.3766591768915,86.06908380722776,3.1713956255702995
2024-01-01 23:55:00,332.3738241907964,209.50999585889983,1168.8720840389972,951.3766591768915,86.06908380722776,3.1713956255702995
