location_code,location_name,month,month_name,measurement_table,measurement_setup,sun_included,patch,patch_almucantar,patch_azimuth,time_bin_minutes,time_of_day,samples_averaged,was_filled,room,fit_unit,fit_rmse,fit_mae,fit_success,fit_nfev,target_integral,reconstructed_integral,coolWhite_pct,blue_pct,cyan_pct,green_pct,amber_pct,red_pct,deepRed_pct,farRed_pct
DE-BLN,Berlin,6,June,spectral_patch_radiance,1,False,10,6,288.0,405,06:45,3.0,False,G7,photon,0.04136348706417404,0.02960927874459104,True,8,29.90316451909228,21.16585681829876,2.8051814824603025,2.1526789325079108,2.814653300762723,1.795675045301659,4.335514780963267,3.270092154583975e-18,3.0782122749298653,4.73032375475793
DE-BLN,Berlin,6,June,spectral_patch_radiance,1,False,10,6,288.0,415,06:55,2.0,False,G7,photon,0.04092413081023285,0.029680306072031214,True,4,30.278886452119472,21.51937880938511,2.8631896936172554,2.177607174663975,2.8508756052186364,1.8015638187712604,4.2944610007357,1.3723582888538352e-24,3.089605500983667,4.649101191809834
DE-BLN,Berlin,6,June,spectral_patch_radiance,1,False,10,6,288.0,430,07:10,2.0,False,G7,photon,0.029908766821544096,0.022180426200677037,True,7,22.35429487340527,15.819473555491726,2.5936753123415537,1.9199956640059201,2.390094757674931,1.3305765236947888,3.2957573362114423,8.359762473578849e-31,2.509573591221078,3.6762196246802157
DE-BLN,Berlin,6,June,spectral_patch_radiance,1,False,10,6,288.0,440,07:20,1.0,False,G7,photon,0.017922181676047165,0.01349897818714761,True,9,12.840012931673199,8.910729858794888,2.2175045620144775,1.4995056744286572,1.5268771131839773,0.7988732199828963,2.3203177808910005,5.200731701093192e-33,1.942975856083237,2.5297472802283525
DE-BLN,Berlin,6,June,spectral_patch_radiance,1,False,10,6,288.0,445,07:25,1.0,False,G7,photon,0.016786597408443262,0.0126647504459851,True,5,11.9113962770569,8.237606033893172,2.1618429855954333,1.4648158961212596,1.4916661769015023,0.7798070924096369,2.2799111490729818,3.6187449508235716e-25,1.87786435460287,2.4136999591948314
DE-BLN,Berlin,6,June,spectral_patch_radiance,1,False,10,6,288.0,450,07:30,1.0,False,G7,photon,0.01566858962957075,0.011905052592473262,True,7,11.1368369696077,7.654313263742261,2.092410960844116,1.4590635623775194,1.466634985420967,0.8181959921959696,2.329613585391022,5.1517716947093735e-27,1.8262568692353023,2.2896144293587826
DE-BLN,Berlin,6,June,spectral_patch_radiance,1,False,10,6,288.0,455,07:35,2.0,False,G7,photon,0.01598922530252346,0.012177506448925724,True,9,11.469230816199625,7.95122723643821,2.161033265128609,1.4434603175174956,1.4333940888384802,0.721220775486946,2.2105599425118436,2.830199417289366e-33,1.8596053439810787,2.317136495632993
DE-BLN,Berlin,6,June,spectral_patch_radiance,1,False,10,6,288.0,460,07:40,2.0,False,G7,photon,0.016674162669157434,0.012682544276569624,True,4,12.03340113443452,8.363643338491766,2.193557988792734,1.4635251345347455,1.4544841437620446,0.7362425808931009,2.2516550244016114,8.23874845570197e-23,1.8910806142932344,2.3821711000967234
DE-BLN,Berlin,6,June,spectral_patch_radiance,1,False,10,6,288.0,475,07:55,2.0,False,G7,photon,0.01844604941513336,0.01398944944898241,True,5,13.494510194735026,9.436184880588618,2.2584956455707443,1.542378867046447,1.561887977575727,0.8414974917058521,2.3984505964246416,2.75370585044605e-23,1.9868230732332488,2.540845107929399
DE-BLN,Berlin,6,June,spectral_patch_radiance,1,False,10,6,288.0,480,08:00,2.0,False,G7,photon,0.02167792869348698,0.016434145031691525,True,7,16.220895694990965,11.419703101697582,2.388892334571566,1.6806432046466868,1.8138963242296902,0.9807554247065497,2.6134216892546953,8.75369442899191e-29,2.1458949038204893,2.82615083132719
DE-BLN,Berlin,6,June,spectral_patch_radiance,1,False,10,6,288.0,485,08:05,2.0,False,G7,photon,0.020264970751461026,0.015405041849842371,True,5,15.094322628838022,10.610493985713836,2.3312468300758318,1.6183144846701476,1.7613860373444001,0.9413670462067861,2.5352359723440587,7.579078284798735e-26,2.0722677082965704,2.6993716709272544
DE-BLN,Berlin,6,June,spectral_patch_radiance,1,False,10,6,288.0,490,08:10,1.0,False,G7,photon,0.01808079168772218,0.01377980152093599,True,6,13.3379739631307,9.33814877372571,2.2608718120458717,1.5395039856250772,1.5557900256893082,0.8351035105572087,2.3655223091906996,5.849168658164542e-27,1.9669301596493585,2.4945053284047165
DE-BLN,Berlin,6,June,spectral_patch_radiance,1,False,10,6,288.0,495,08:15,3.0,False,G7,photon,0.015798187121540345,0.012048285255895755,True,5,11.394229362837878,7.923699511549003,2.1542019379907043,1.4431812250104976,1.4371330643057925,0.7794318268266067,2.244307957021803,3.781589476673466e-25,1.8493896414024704,2.267784989245732
DE-BLN,Berlin,6,June,spectral_patch_radiance,1,False,10,6,288.0,500,08:20,1.0,False,G7,photon,0.01481921434459712,0.011313660321150094,True,8,10.583050906839581,7.283124310236979,2.0560998608554195,1.4445133972315851,1.4578898462634133,0.8379898346731991,2.3559333753832195,1.9190388742175213e-31,1.7760567446054416,2.173233850313288
DE-BLN,Berlin,6,June,spectral_patch_radiance,1,False,10,6,288.0,510,08:30,3.0,False,G7,photon,0.06593071908046287,0.04954896592997326,True,7,55.31071926729294,39.67387372903438,4.947839071112771,3.1024918483957125,4.511743027200934,2.405897032728696,2.9873123666040726,6.634535600525362e-27,3.653372424118185,6.194847783557402
DE-BLN,Berlin,6,June,spectral_patch_radiance,1,False,10,6,288.0,515,08:35,3.0,False,G7,photon,0.06645388293876162,0.04992804615606395,True,4,55.676778344998816,39.91890065250866,4.958321678585149,3.1070897783558067,4.528944877617078,2.4240594440793157,3.0402534758336506,3.3608287899248106e-24,3.6667098266089106,6.242126714241152
DE-BLN,Berlin,6,June,spectral_patch_radiance,1,False,10,6,288.0,520,08:40,2.0,False,G7,photon,0.09514035740329628,0.07159695651927916,True,5,80.0307994674358,57.37433243113109,6.461023257087195,3.898656851399367,6.026699868652812,2.920853831169187,3.6420571709153733,1.9006460491137585e-24,4.630900999151385,8.45361286567593
DE-BLN,Berlin,6,June,spectral_patch_radiance,1,False,10,6,288.0,525,08:45,2.0,False,G7,photon,0.01810387131731917,0.013784760601821894,True,10,13.34804371774247,9.357229907497725,2.2578317244507606,1.5382403033329723,1.5607344302967996,0.8557478352373216,2.407666756703082,6.860864260049837e-08,1.9666172740664294,2.4604573146946396
DE-BLN,Berlin,6,June,spectral_patch_radiance,1,False,10,6,288.0,530,08:50,1.0,False,G7,photon,0.019880607805541576,0.015105699503458884,True,5,14.8202610539789,10.41127917384798,2.346987109955634,1.5898650948427884,1.6195959467555159,0.8946727206650064,2.472752250680797,4.560447214237639e-24,2.0548165918193706,2.6250358512260186
DE-BLN,Berlin,6,June,spectral_patch_radiance,1,False,10,6,288.0,535,08:55,1.0,False,G7,photon,0.019074010980719775,0.014507511202022982,True,4,14.1710550567248,9.948108891305093,2.309638151673756,1.5680127380783233,1.5921796016143597,0.8796203241687318,2.437169525020581,2.3376906925034945e-21,2.013299950424586,2.5513355783236626
DE-BLN,Berlin,6,June,spectral_patch_radiance,1,False,10,6,288.0,540,09:00,2.0,False,G7,photon,0.02663135819533244,0.020057957724117795,True,9,20.25643998073602,14.385153489248392,2.5312652654379857,1.8564735338075598,2.266223915665926,1.2688696102403991,3.1242318846025343,1.233159656324488e-32,2.3463165341967462,3.2384473153969937
DE-BLN,Berlin,6,June,spectral_patch_radiance,1,False,10,6,288.0,545,09:05,2.0,False,G7,photon,0.034038928527647117,0.0253894430996825,True,5,26.26387020275392,18.709350474106422,2.8226032359300177,2.067766887078992,2.59535326238763,1.526291828289845,3.6011221970679665,7.30101660233218e-23,2.666497621774748,3.9292691128577797
DE-BLN,Berlin,6,June,spectral_patch_radiance,1,False,10,6,288.0,550,09:10,1.0,False,G7,photon,0.03998615656401654,0.02966419749713955,True,4,31.1412257133341,22.241113623457785,3.0440869019911783,2.215375201120369,2.8684191945199564,1.7583180070026176,4.055949889682788,1.3312097510908596e-21,2.942467337252206,4.481717805260187
DE-BLN,Berlin,6,June,spectral_patch_radiance,1,False,10,6,288.0,555,09:15,1.0,False,G7,photon,0.04337400020534439,0.03235399221978765,True,4,34.4378973243773,24.67139316623322,3.2351615685505473,2.3084370606196107,3.0540765259203133,1.866902396250381,4.248193802743613,1.0566711963129561e-22,3.1017038152384266,4.808472868463475
DE-BLN,Berlin,6,June,spectral_patch_radiance,1,False,10,6,288.0,560,09:20,1.0,False,G7,photon,0.030763663456554305,0.023051886952587766,True,7,23.7578851640325,16.915943412813014,2.7079477352948746,1.9844831599241983,2.447650762645325,1.394405621742405,3.3844062435687907,4.858098603950256e-30,2.5108074616693874,3.669926127841529
DE-BLN,Berlin,6,June,spectral_patch_radiance,1,False,10,6,288.0,565,09:25,2.0,False,G7,photon,0.10983635549810696,0.08229320794367903,True,6,90.77336244465317,64.61827203900121,6.94865134098741,4.154641350990651,6.461291963783348,3.1692937819094125,4.380975117890945,4.4647509101668793e-26,5.074020813774778,9.845769264010018
DE-BLN,Berlin,6,June,spectral_patch_radiance,1,False,10,6,288.0,570,09:30,1.0,False,G7,photon,0.19344787012845951,0.14564066191866754,True,5,161.354492346502,115.93250727207419,11.333481862796505,6.424714224100616,10.997676075182065,4.722958518036375,5.831542911639007,2.342286636714345e-21,7.822799996424951,17.342293954373872
DE-BLN,Berlin,6,June,spectral_patch_radiance,1,False,10,6,288.0,580,09:40,1.0,False,G7,photon,0.19950558683394073,0.15025529862311102,True,4,166.68960437762098,119.8150927555968,11.58588453533005,6.58176978397674,11.283267325420585,4.8532510559617785,6.279266618394421,5.963008568954749e-25,8.113119905101824,18.028777394694206
DE-BLN,Berlin,6,June,spectral_patch_radiance,1,False,10,6,288.0,585,09:45,1.0,False,G7,photon,0.20266105404992554,0.15278831119407457,True,4,169.844103343148,122.2243686178073,11.70123862063007,6.680444716042354,11.463896536121801,4.9697305861965475,6.74456756616123,9.687397717509108e-24,8.330634274850821,18.402585342690706
DE-BLN,Berlin,6,June,spectral_patch_radiance,1,False,10,6,288.0,595,09:55,1.0,False,G7,photon,0.03993656146165309,0.02960862604883982,True,9,31.2272867632986,22.29433344972307,3.0607969189100066,2.216474294405432,2.8526196294561803,1.7395861783746243,4.022864220368422,2.642191597841978e-15,2.895687240357377,4.52385452187235
DE-BLN,Berlin,6,June,spectral_patch_radiance,1,False,10,6,288.0,600,10:00,1.0,False,G7,photon,0.044032959014387876,0.03259662956401392,True,4,34.5966792042573,24.72462498986512,3.2254013760847937,2.2996285616287886,3.03622087253974,1.8765136247036613,4.301751007097782,1.2561406952067958e-23,3.0722159059924268,4.8996103376743445
DE-BLN,Berlin,6,June,spectral_patch_radiance,1,False,10,6,288.0,605,10:05,1.0,False,G7,photon,0.04652265389469586,0.03443998453725128,True,4,36.7719011821174,26.310922491911306,3.3328385150026474,2.346841751014874,3.151006064392532,1.95465874557494,4.471691833363246,4.812243651682652e-21,3.184755921100121,5.180475361535877
DE-BLN,Berlin,6,June,spectral_patch_radiance,1,False,10,6,288.0,610,10:10,1.0,False,G7,photon,0.04223764676456654,0.031209355942483964,True,5,32.987806895589,23.556146588582372,3.13261334497935,2.2588299389686957,2.9454683898135587,1.8383137146433637,4.2135873237408,5.780214395998346e-25,2.9840655531294704,4.740002594912973
DE-BLN,Berlin,6,June,spectral_patch_radiance,1,False,10,6,288.0,615,10:15,2.0,False,G7,photon,0.04047081570642256,0.02999480899244596,True,4,31.690451581078527,22.640087775223257,3.076535376964748,2.231463000420648,2.8789888996460915,1.796488372545499,4.088906568908998,4.574278020671974e-23,2.911926106013984,4.574192767073303
DE-BLN,Berlin,6,June,spectral_patch_radiance,1,False,10,6,288.0,620,10:20,2.0,False,G7,photon,0.03442051613223547,0.025520583537800696,True,6,26.41812730034657,18.784593258472107,2.8176718260344904,2.0679705613422814,2.5815826974761125,1.5683206887911063,3.64866824871211,2.0346694057199387e-28,2.6230806709893915,3.994100612229231
DE-BLN,Berlin,6,June,spectral_patch_radiance,1,False,10,6,288.0,625,10:25,2.0,False,G7,photon,0.03777897867469977,0.02802365153981365,True,4,29.419423103183068,20.992721732499675,2.9647667294796536,2.1648859998608807,2.7506835043348987,1.6955273661297785,3.910484950726548,1.8925544641938902e-22,2.790386886147789,4.321700603453709
DE-BLN,Berlin,6,June,spectral_patch_radiance,1,False,10,6,288.0,630,10:30,1.0,False,G7,photon,0.19122235571412646,0.14399862571220468,True,7,159.58430775240197,114.56553948450511,11.249752747725676,6.3122064007932694,10.782124591175974,4.655621098205165,5.898677266266141,6.228903447305768e-26,7.746862981339522,16.888471043007115
DE-BLN,Berlin,6,June,spectral_patch_radiance,1,False,10,6,288.0,635,10:35,1.0,False,G7,photon,0.05763206703067394,0.04232621424250083,True,14,45.6407085298619,32.660212242031406,3.7445403725107433,2.516680793885712,3.6263014977046053,2.2499901530648954,5.273880388670486,2.3448573054112e-10,3.6438157803430644,6.235815674763451
DE-BLN,Berlin,6,June,spectral_patch_radiance,1,False,10,6,288.0,640,10:40,1.0,False,G7,photon,0.060327675298309076,0.0442800830956075,True,4,47.773565331973,34.150910252812075,3.844477040024056,2.572417033880925,3.736161813207969,2.305776357900849,5.427489854975695,3.4973107133793893e-23,3.7327806256531266,6.508693206087504
DE-BLN,Berlin,6,June,spectral_patch_radiance,1,False,10,6,288.0,650,10:50,2.0,False,G7,photon,0.07997174006920048,0.058800636180132676,True,5,64.07993682739479,46.02585109065197,4.512375322049095,3.0217974955004623,4.660501165084944,2.7677804926010574,7.275109883245256,4.0282611202438254e-25,4.614671013365856,8.432776715490395
DE-BLN,Berlin,6,June,spectral_patch_radiance,1,False,10,6,288.0,655,10:55,1.0,False,G7,photon,0.0883865636615795,0.0651122232489406,True,4,71.0698106043263,51.040313655162535,4.83083874113802,3.2130559996617842,5.028301408101446,2.9544012125124803,7.88557678439365,3.4325871551014e-22,4.9413182314889985,9.275961419986082
DE-BLN,Berlin,6,June,spectral_patch_radiance,1,False,10,6,288.0,670,11:10,1.0,False,G7,photon,0.06835852155868,0.049923383102010034,True,6,53.895946457317905,38.49195835109197,4.079863961597115,2.7562195685875093,4.079057616719808,2.5194495805051687,6.090116362702449,6.587278110727378e-26,4.013628926674968,7.274327626479917
DE-BLN,Berlin,6,June,spectral_patch_radiance,1,False,10,6,288.0,735,12:15,1.0,False,G7,photon,0.12170017637084578,0.08925768592962564,True,5,97.132401238314,69.94998498652248,5.910402083627179,3.853372813683868,6.294772007792413,3.7889338924240166,10.619397866510708,2.480652495226281e-22,6.31353659971566,12.767749787280394
DE-BLN,Berlin,6,June,spectral_patch_radiance,1,False,10,6,288.0,740,12:20,2.0,False,G7,photon,0.13612042792379975,0.09954046275556161,True,4,108.26592858892849,77.9155628460306,6.354658250534797,4.134461332221861,6.83564076164935,4.143953431259066,11.80858549219119,3.498493815213388e-21,6.854150995068233,14.30832202420101
DE-BLN,Berlin,6,June,spectral_patch_radiance,1,False,10,6,288.0,755,12:35,1.0,False,G7,photon,0.1733381047838522,0.12877762199242324,True,6,139.34733130987502,98.14773903486986,10.337781113493586,5.565948852593237,8.875187946686097,3.8339918528554855,3.6490161942210344,3.176679704163599e-24,6.778938555926121,14.258082812856804
DE-BLN,Berlin,6,June,spectral_patch_radiance,1,False,10,6,288.0,795,13:15,1.0,False,G7,photon,0.16534107277669569,0.12274908726874127,True,9,134.103619401739,94.65286572255778,10.46340699812046,5.383906792126806,8.648030766451768,3.5067067167980612,2.0351789679185432,7.24694805121846e-33,6.540521816307698,13.093894763351132
DE-BLN,Berlin,6,June,spectral_patch_radiance,1,False,10,6,288.0,815,13:35,1.0,False,G7,photon,0.166460738742891,0.12428487900365844,True,5,136.126737321757,96.50440612538644,10.248532379306203,5.492971713545692,8.823345057789714,3.907648093456155,3.552653566434045,1.2602445003205143e-24,6.659093690107974,13.499104786462238
DE-BLN,Berlin,6,June,spectral_patch_radiance,1,False,10,6,288.0,820,13:40,2.0,False,G7,photon,0.16510230201985762,0.12323721435257759,True,4,135.21545923261348,95.8960270149449,10.254969822744323,5.478501773260736,8.810656165516825,3.8559186138020682,3.3227612444434675,4.0044714194302136e-22,6.598634988648143,13.293896699244758
DE-BLN,Berlin,6,June,spectral_patch_radiance,1,False,10,6,288.0,825,13:45,2.0,False,G7,photon,0.16574261863147466,0.12379678770913034,True,3,136.07519998248796,96.59475563051998,10.33149058113925,5.516329463536166,8.875740560819896,3.882279618696738,3.29819295217132,1.0572781096231864e-17,6.634428534117735,13.32647126708081
DE-BLN,Berlin,6,June,spectral_patch_radiance,1,False,10,6,288.0,865,14:25,2.0,False,G7,photon,0.10661655920674958,0.07639837329424977,True,7,81.73699802325459,58.329379103343655,5.155126134229016,3.4104879068601512,5.435526691705687,3.3368609479033466,9.083907782416391,1.6016128132447802e-23,5.40845428712429,11.227977762500847
DE-BLN,Berlin,6,June,spectral_patch_radiance,1,False,10,6,288.0,875,14:35,3.0,False,G7,photon,0.09422662385756252,0.06679033871140092,True,6,70.81455569405092,50.09977779653833,4.682999055147141,3.1047663359570503,4.843002240330203,2.9826616002889,7.940546765905241,1.4924151963324995e-26,4.7983728178672695,9.740419085277878
DE-BLN,Berlin,6,June,spectral_patch_radiance,1,False,10,6,288.0,880,14:40,1.0,False,G7,photon,0.10090818800548083,0.07189593416511456,True,4,76.5138420312708,54.46839517418138,4.91145057644312,3.2609693632169154,5.149775520807658,3.1757482259820407,8.595863857452754,2.8056429634472384e-19,5.149957590031851,10.613640173052067
DE-BLN,Berlin,6,June,spectral_patch_radiance,1,False,10,6,288.0,890,14:50,1.0,False,G7,photon,0.0963312138339279,0.06803355661428619,True,4,71.8928181817586,50.96756975685659,4.70506566033076,3.118170159829713,4.883619822757982,3.0216259673929424,8.085090162646564,6.645188254995795e-20,4.859937205130937,10.119880972481814
DE-BLN,Berlin,6,June,spectral_patch_radiance,1,False,10,6,288.0,895,14:55,1.0,False,G7,photon,0.10705371503472594,0.07569417417168758,True,4,79.861282990099,56.664869121695716,5.0140293418356965,3.328744505316443,5.28986372793479,3.3097398047489572,8.970015447532257,1.1949733425182554e-20,5.312343519541198,11.082370276509835
DE-BLN,Berlin,6,June,spectral_patch_radiance,1,False,10,6,288.0,900,15:00,1.0,False,G7,photon,0.10630470712994936,0.07536544050667233,True,3,79.77011003297181,56.659249238014226,5.0268527469252,3.3312482779818455,5.289180891721435,3.292608877250075,8.922648549288445,6.778091918556296e-19,5.30592182142145,11.071095036556478
DE-BLN,Berlin,6,June,spectral_patch_radiance,1,False,10,6,288.0,905,15:05,1.0,False,G7,photon,0.10798845959596681,0.07692899099366508,True,3,81.7818659839116,58.19327637593376,5.125627703752933,3.3975672106308004,5.410667418868845,3.341453930170168,9.10836050655354,1.3357620468977334e-17,5.411400127939233,11.308762319334539
DE-BLN,Berlin,6,June,spectral_patch_radiance,1,False,10,6,288.0,910,15:10,1.0,False,G7,photon,0.10365894762314536,0.07376541838533276,True,4,78.3940782134744,55.76542061722215,4.97463301654522,3.30904331265796,5.24645556846918,3.2306674594941223,8.794557859293509,7.804771227551757e-22,5.23091121402821,10.917155163729387
DE-BLN,Berlin,6,June,spectral_patch_radiance,1,False,10,6,288.0,915,15:15,3.0,False,G7,photon,0.10550246248101927,0.07485191880515167,True,5,79.37312873326192,56.41646576562371,4.9964274906895225,3.3279108957228747,5.282433779312766,3.282583259555547,8.935108482013515,4.345151034772759e-18,5.287749695702159,11.064097189542778
DE-BLN,Berlin,6,June,spectral_patch_radiance,1,False,10,6,288.0,920,15:20,2.0,False,G7,photon,0.10830176808142199,0.07674650157285544,True,4,81.19615040670507,57.685067138368346,5.068977229167273,3.3666435821574408,5.362856771266914,3.3411033618246417,9.12826097701297,2.3977173977516126e-24,5.388137430827397,11.282096529862295
DE-BLN,Berlin,6,June,spectral_patch_radiance,1,False,10,6,288.0,925,15:25,3.0,False,G7,photon,0.11072379116007479,0.07834387788462499,True,3,82.69241725326825,58.724514498864956,5.111322732289865,3.405567034860526,5.4442879173639085,3.411259203351483,9.345383639383558,8.845669827011606e-18,5.483633004230101,11.442613911609252
DE-BLN,Berlin,6,June,spectral_patch_radiance,1,False,10,6,288.0,930,15:30,2.0,False,G7,photon,0.10860572557043559,0.0767756553380856,True,4,80.99253174858167,57.49861431272567,5.0396745504428555,3.3577670198469454,5.345732354793623,3.358309554819711,9.172433099381177,7.41328830779944e-24,5.401053596350339,11.241820574547017
DE-BLN,Berlin,6,June,spectral_patch_radiance,1,False,10,6,288.0,935,15:35,1.0,False,G7,photon,0.10715539780705555,0.07557071335084357,True,4,79.5931649940024,56.463017588094175,4.9697332093103395,3.315757939047393,5.272471221450176,3.3206512249223574,9.055659169451694,3.57163746397063e-23,5.322059066027436,11.091736077101329
DE-BLN,Berlin,6,June,spectral_patch_radiance,1,False,10,6,288.0,940,15:40,2.0,False,G7,photon,0.11262630090858124,0.0794418600841569,True,4,83.40260836514487,59.142061997562614,5.117854598925625,3.420405973977481,5.467635141571976,3.454013087725258,9.46716458182932,1.1693741504820922e-24,5.542564391811512,11.513248402162779
DE-BLN,Berlin,6,June,spectral_patch_radiance,1,False,10,6,288.0,945,15:45,1.0,False,G7,photon,0.11108940698270171,0.07811421607602445,True,4,81.76588769355499,57.89914820908527,5.036521344612142,3.3726372110465,5.381214539616187,3.4067839314557915,9.31101453004242,8.635110037343266e-25,5.456509909651981,11.328188558454956
DE-BLN,Berlin,6,June,spectral_patch_radiance,1,False,10,6,288.0,955,15:55,3.0,False,G7,photon,0.10741017930591407,0.07502244252962344,True,4,77.92381362680062,55.00779447503275,4.865870935124763,3.2654232919728106,5.172281062868792,3.3006423145017183,8.904060056046156,3.918097499504812e-21,5.269251889038959,10.810134367510214
DE-BLN,Berlin,6,June,spectral_patch_radiance,1,False,10,6,288.0,960,16:00,2.0,False,G7,photon,0.10538585652765871,0.07330221865344655,True,4,75.75385473697727,53.34769244598854,4.777100575512874,3.2042300855636845,5.0597357705829,3.218300905937898,8.624488531705312,9.11893925422454e-22,5.152511357804532,10.53494371702942
DE-BLN,Berlin,6,June,spectral_patch_radiance,1,False,10,6,288.0,965,16:05,2.0,False,G7,photon,0.10652115150732844,0.07380167194439506,True,3,75.90293451572452,53.32543330758013,4.775068324728952,3.2066593092912425,5.047957732353377,3.2237647723868346,8.589162636956711,3.512221879358877e-18,5.1505308439771715,10.58742243231237
DE-BLN,Berlin,6,June,spectral_patch_radiance,1,False,10,6,288.0,975,16:15,3.0,False,G7,photon,0.10397073865833897,0.07180638234688842,True,4,73.67426580976316,51.69831094583996,4.678690663072099,3.1417667496139146,4.919182078994807,3.15321427276465,8.358168317299379,5.5870021975642435e-22,5.037061523700201,10.336284641815041
DE-BLN,Berlin,6,June,spectral_patch_radiance,1,False,10,6,288.0,980,16:20,2.0,False,G7,photon,0.10139857720335882,0.07000009567140389,True,4,71.81725204395363,50.38113769928883,4.606660241442994,3.0963892151618935,4.82860134972755,3.0919507565353115,8.167455523142584,3.997162497418634e-22,4.925387052728991,10.088538600581375
DE-BLN,Berlin,6,June,spectral_patch_radiance,1,False,10,6,288.0,985,16:25,3.0,False,G7,photon,0.10163606250307436,0.0703112979647339,True,3,72.30320537957348,50.77969310966702,4.631099149577377,3.1101178892955943,4.856870592012544,3.106909114081938,8.221059592761536,4.480985009618035e-18,4.957296656713114,10.153650791429524
DE-BLN,Berlin,6,June,spectral_patch_radiance,1,False,10,6,288.0,990,16:30,2.0,False,G7,photon,0.10631590197288784,0.07378637480688723,True,4,76.11944629731777,53.56914065246745,4.772527595639199,3.2145034827014145,5.0669699933829415,3.244539594397453,8.683266612496432,1.723501788451523e-21,5.172893523086032,10.651386796240276
DE-BLN,Berlin,6,June,spectral_patch_radiance,1,False,10,6,288.0,995,16:35,3.0,False,G7,photon,0.10970357996271156,0.0763863378025525,True,4,79.0274780444417,55.713833908342785,4.886563235742663,3.2978280228894064,5.223118721435429,3.342648081005482,9.034086150925164,3.477743775438813e-24,5.347016881286724,11.00191186110267
DE-BLN,Berlin,6,June,spectral_patch_radiance,1,False,10,6,288.0,1000,16:40,1.0,False,G7,photon,0.11498100749011322,0.08051626771813765,True,4,83.76728940970779,59.27062112777345,5.076979059224896,3.4278749861855617,5.480024325834814,3.515377767489324,9.62052027360357,3.898257795551316e-23,5.637867094254514,11.566869507153456
DE-BLN,Berlin,6,June,spectral_patch_radiance,1,False,10,6,288.0,1005,16:45,3.0,False,G7,photon,0.11648772885992865,0.08204923949309577,True,4,85.88648279354251,60.9545040931403,5.171221706093393,3.4999679856124963,5.618265687405071,3.5964693382713753,9.889817687165008,7.789485881478075e-24,5.759539027452325,11.798095471848992
DE-BLN,Berlin,6,June,spectral_patch_radiance,1,False,10,6,288.0,1010,16:50,2.0,False,G7,photon,0.11805771890504889,0.08381707072902,True,11,88.40671839129777,62.917995018302825,5.330956793932506,3.585406529419852,5.77868539354626,3.6487653722911753,9.999989044936573,1.0129170811240274e-12,5.894500304696402,12.049264409219468
DE-BLN,Berlin,6,June,spectral_patch_radiance,1,False,10,6,288.0,1015,16:55,3.0,False,G7,photon,0.11951465963192114,0.08535527567874282,True,17,90.44749893738599,64.455020183138,5.480507098260068,3.6510100608876535,5.9074338593052715,3.662486493898439,10.000029548583207,1.6943614166524645e-15,5.99239941959377,12.223678500472316
DE-BLN,Berlin,6,June,spectral_patch_radiance,1,False,10,6,288.0,1020,17:00,2.0,False,G7,photon,0.1171413149426178,0.08401672562601607,True,4,89.15740465721957,63.60556718021619,5.427241363612767,3.652380903439756,5.872900751282381,3.6488481269949364,9.907395572008845,1.996980270071446e-21,5.914603092505079,11.981899977953537
DE-BLN,Berlin,6,June,spectral_patch_radiance,1,False,10,6,288.0,1025,17:05,2.0,False,G7,photon,0.11672159141749776,0.08405036970438085,True,4,89.60630456523458,64.13128303997311,5.4523420180339865,3.6344518951568805,5.8980424335047195,3.6589097476600516,10.053769868671386,3.691545325527776e-20,6.056806373474449,11.996893803741875
DE-BLN,Berlin,6,June,spectral_patch_radiance,1,False,10,6,288.0,1030,17:10,1.0,False,G7,photon,0.11895343435618048,0.08610650314389233,True,4,92.196511302363,66.17192301367704,5.565010966390495,3.711871841263006,6.056532353191514,3.756126309891935,10.411806602781006,3.920213274890409e-24,6.249557147358557,12.241230544182185
DE-BLN,Berlin,6,June,spectral_patch_radiance,1,False,10,6,288.0,1040,17:20,1.0,False,G7,photon,0.06852214882167824,0.05018364341958855,True,8,53.4054688122514,37.77115256072475,4.171312877047194,2.7980128241421163,4.075102823986013,2.405353171706925,5.36478889976447,6.669384304242884e-32,3.912971867039023,7.068199100237982
DE-BLN,Berlin,6,June,spectral_patch_radiance,1,False,10,6,288.0,1045,17:25,1.0,False,G7,photon,0.039533121184875376,0.028727426016993445,True,8,28.8257216383006,19.91607914935672,3.0226639907381476,2.145244314250754,2.6178735446672463,1.41458040658698,3.158702632701989,6.393799111380354e-29,2.597448687271983,4.380034891539201
DE-BLN,Berlin,6,June,spectral_patch_radiance,1,False,10,6,288.0,1050,17:30,1.0,False,G7,photon,0.03241500090025216,0.023572041876516826,True,5,23.2460125230502,16.04380898777091,2.703672703634345,1.9321606075801,2.3250246466688202,1.2524195688676314,2.966165550890669,1.9256492750727292e-23,2.3601874346944114,3.7931654518092217
DE-BLN,Berlin,6,June,spectral_patch_radiance,1,False,10,6,288.0,1075,17:55,1.0,False,G7,photon,0.0492849700360937,0.03586176421428327,True,5,37.9791223329102,27.02935440192121,3.3229954861855053,2.359524622355636,3.197615561956959,1.9843948760160857,4.6481812897849855,1.8715751114126745e-23,3.2585442006970853,5.602192220352534
DE-BLN,Berlin,6,June,spectral_patch_radiance,1,False,10,6,288.0,1080,18:00,1.0,False,G7,photon,0.048016998872286644,0.034914381993250504,True,9,36.5031585062482,25.803575737636514,3.285609797355436,2.3322217600362576,3.0954911412490134,1.9008019585740379,4.316483347431155,9.704339887077687e-16,3.1549853980804423,5.380591377024015
DE-BLN,Berlin,6,June,spectral_patch_radiance,1,False,10,6,288.0,1105,18:25,2.0,False,G7,photon,0.047454519839793007,0.033042193846992966,True,5,33.17586934270177,23.146104409206448,2.9601000085158478,2.2015975713117424,2.8780877033470706,1.8667149904806828,4.506719234811599,2.1751594423256808e-23,3.034508368529676,5.241319316485347
DE-BLN,Berlin,6,June,spectral_patch_radiance,1,False,10,6,288.0,1110,18:30,2.0,False,G7,photon,0.05026492005780871,0.0348165270694252,True,4,34.895830300480476,24.306369060462572,3.0177577968313627,2.2447249347422447,2.9601542670096515,1.952533159838258,4.687553421983221,5.483941750440463e-21,3.13803529207416,5.478407021749844
DE-BLN,Berlin,6,June,spectral_patch_radiance,1,False,10,6,288.0,1115,18:35,3.0,False,G7,photon,0.0537383787150744,0.03697517738398009,True,4,36.821303178056716,25.564879409431384,3.0822308018675324,2.285404940531851,3.04480261387577,2.0082511641828935,4.889229744419579,3.336547238342728e-24,3.265571075921352,5.735268283702035
DE-BLN,Berlin,6,June,spectral_patch_radiance,1,False,10,6,288.0,1120,18:40,2.0,False,G7,photon,0.0568566843133807,0.03881376633484612,True,4,38.32648504036233,26.50478058788284,3.1162694530204007,2.312646361193999,3.111109886197935,2.083283150075573,5.081201626521844,1.382157750130084e-23,3.368504311921244,5.939362022983991
DE-BLN,Berlin,6,June,spectral_patch_radiance,1,False,10,6,288.0,1125,18:45,3.0,False,G7,photon,0.06018996499303586,0.040802154998109255,True,15,40.083175399698945,27.678475662870106,3.1479127217718137,2.332045326074326,3.1857417284491025,2.166995109187123,5.380989180188827,8.75577648668358e-18,3.517826616902109,6.196050978078478
DE-BLN,Berlin,6,June,spectral_patch_radiance,1,False,10,6,288.0,1135,18:55,1.0,False,G7,photon,0.06904060004994805,0.04673680162009063,True,14,46.275759673198905,32.13330780588412,3.325956756629785,2.478166554542271,3.503728098310339,2.416616717354898,6.323887219939212,2.202244208090553e-15,3.9691254611336717,7.032815075872711
DE-BLN,Berlin,6,June,spectral_patch_radiance,1,False,10,6,288.0,1140,19:00,1.0,False,G7,photon,0.09156277746962896,0.062136734891577824,True,5,62.5745480501648,43.97959116926029,3.7917832889045835,2.8080758273057334,4.336608842974368,3.0108559071830845,8.913005490993267,1.2163717930762137e-24,5.149157334199437,9.189868005457528
DE-BLN,Berlin,6,June,spectral_patch_radiance,1,False,10,6,288.0,1145,19:05,3.0,False,G7,photon,0.10370211353017507,0.07068754813329985,True,4,71.8145611256796,50.936608708888315,4.099333864885799,3.015066115427801,4.782638783283861,3.357103233752657,10.172579775022669,8.409736420493668e-19,5.801578249752574,10.663602805594072
DE-BLN,Berlin,6,June,spectral_patch_radiance,1,False,10,6,288.0,1150,19:10,2.0,False,G7,photon,0.11913141699871602,0.08166339199791038,True,4,83.60831456607431,59.632699548410656,4.440451131750508,3.3275661071777596,5.407976209918224,3.846013404239334,12.015105467890422,1.4332540814660517e-19,6.633146138265654,12.293034744975644
